[
	{
		"type": "HeartRate", 
		"avg_min": 55, 
		"avg_max": 105,
		"trigger_count": 2,
		"description": "HeartRate greater than 105 and lesser than 55 with a continuous trigger of 2"
	},
	{
		"type": "Temperature", 
		"avg_min": 96, 
		"avg_max": 99,
		"trigger_count": 6,
		"description": "Temperature greater than 99 and lesser than 96 with a continuous trigger of 6"
	},
	{
		"type": "SPO2", 
		"avg_min": 88,
		"avg_max": 96,
		"trigger_count": 3,
		"description": "SPO2 greater than 99 and lesser than 96 with a continuous trigger of 3"
	}
]



